Timestamp,Event,SequenceNum,Detail
2026-06-07T22:48:45.8434978Z,PacketSent,0,"size=1069"
2026-06-07T22:48:45.8455920Z,AckReceived,0,""
2026-06-07T22:48:45.8456856Z,PacketSent,1,"size=1069"
2026-06-07T22:48:45.8459991Z,AckReceived,1,""
2026-06-07T22:48:45.8460334Z,PacketSent,2,"size=1069"
2026-06-07T22:48:45.8461597Z,AckReceived,2,""
2026-06-07T22:48:45.8461980Z,PacketSent,3,"size=1069"
2026-06-07T22:48:45.8463251Z,AckReceived,3,""
2026-06-07T22:48:45.8463582Z,PacketSent,4,"size=1069"
2026-06-07T22:48:45.8464680Z,AckReceived,4,""
2026-06-07T22:48:45.8464938Z,PacketSent,5,"size=1069"
2026-06-07T22:48:45.8466235Z,AckReceived,5,""
2026-06-07T22:48:45.8466544Z,PacketSent,6,"size=1069"
2026-06-07T22:48:45.8467911Z,AckReceived,6,""
2026-06-07T22:48:45.8468224Z,PacketSent,7,"size=1069"
2026-06-07T22:48:45.8469722Z,AckReceived,7,""
2026-06-07T22:48:45.8470049Z,PacketSent,8,"size=1069"
2026-06-07T22:48:45.8471445Z,AckReceived,8,""
2026-06-07T22:48:45.8471744Z,PacketSent,9,"size=1069"
2026-06-07T22:48:45.8473082Z,AckReceived,9,""
2026-06-07T22:48:45.8474489Z,PacketSent,10,"size=1069"
2026-06-07T22:48:45.8476191Z,AckReceived,10,""
2026-06-07T22:48:45.8476541Z,PacketSent,11,"size=1069"
2026-06-07T22:48:45.8477995Z,AckReceived,11,""
2026-06-07T22:48:45.8478494Z,PacketSent,12,"size=1069"
2026-06-07T22:48:45.8479796Z,AckReceived,12,""
2026-06-07T22:48:45.8480112Z,PacketSent,13,"size=1069"
2026-06-07T22:48:45.8481527Z,AckReceived,13,""
2026-06-07T22:48:45.8481851Z,PacketSent,14,"size=1069"
2026-06-07T22:48:45.8483242Z,AckReceived,14,""
2026-06-07T22:48:45.8483529Z,PacketSent,15,"size=1069"
2026-06-07T22:48:45.8484750Z,AckReceived,15,""
2026-06-07T22:48:45.8485069Z,PacketSent,16,"size=1069"
2026-06-07T22:48:45.8486383Z,AckReceived,16,""
2026-06-07T22:48:45.8486696Z,PacketSent,17,"size=1069"
2026-06-07T22:48:45.8488403Z,AckReceived,17,""
2026-06-07T22:48:45.8488713Z,PacketSent,18,"size=1069"
2026-06-07T22:48:45.8489732Z,AckReceived,18,""
2026-06-07T22:48:45.8490191Z,PacketSent,19,"size=1069"
2026-06-07T22:48:45.8491312Z,AckReceived,19,""
2026-06-07T22:48:45.8491634Z,PacketSent,20,"size=1069"
2026-06-07T22:48:45.8492649Z,AckReceived,20,""
2026-06-07T22:48:45.8493053Z,PacketSent,21,"size=1069"
2026-06-07T22:48:45.8494139Z,AckReceived,21,""
2026-06-07T22:48:45.8494435Z,PacketSent,22,"size=1069"
2026-06-07T22:48:45.8495484Z,AckReceived,22,""
2026-06-07T22:48:45.8495953Z,PacketSent,23,"size=1069"
2026-06-07T22:48:45.8497088Z,AckReceived,23,""
2026-06-07T22:48:45.8497407Z,PacketSent,24,"size=1069"
2026-06-07T22:48:45.8498374Z,AckReceived,24,""
2026-06-07T22:48:45.8498815Z,PacketSent,25,"size=1069"
2026-06-07T22:48:45.8499985Z,AckReceived,25,""
2026-06-07T22:48:45.8500306Z,PacketSent,26,"size=1069"
2026-06-07T22:48:45.8501883Z,AckReceived,26,""
2026-06-07T22:48:45.8502222Z,PacketSent,27,"size=1069"
2026-06-07T22:48:45.8503646Z,AckReceived,27,""
2026-06-07T22:48:45.8503938Z,PacketSent,28,"size=1069"
2026-06-07T22:48:45.8505523Z,AckReceived,28,""
2026-06-07T22:48:45.8505868Z,PacketSent,29,"size=1069"
2026-06-07T22:48:45.8507679Z,AckReceived,29,""
2026-06-07T22:48:45.8508010Z,PacketSent,30,"size=1069"
2026-06-07T22:48:45.8509492Z,AckReceived,30,""
2026-06-07T22:48:45.8509935Z,PacketSent,31,"size=1069"
2026-06-07T22:48:45.8511217Z,AckReceived,31,""
2026-06-07T22:48:45.8511816Z,PacketSent,32,"size=1069"
2026-06-07T22:48:45.8513244Z,AckReceived,32,""
2026-06-07T22:48:45.8513643Z,PacketSent,33,"size=1069"
2026-06-07T22:48:45.8515101Z,AckReceived,33,""
2026-06-07T22:48:45.8515657Z,PacketSent,34,"size=1069"
2026-06-07T22:48:45.8517080Z,AckReceived,34,""
2026-06-07T22:48:45.8517351Z,PacketSent,35,"size=1069"
2026-06-07T22:48:45.8518627Z,AckReceived,35,""
2026-06-07T22:48:45.8519146Z,PacketSent,36,"size=1069"
2026-06-07T22:48:45.8520443Z,AckReceived,36,""
2026-06-07T22:48:45.8520787Z,PacketSent,37,"size=1069"
2026-06-07T22:48:45.8522088Z,AckReceived,37,""
2026-06-07T22:48:45.8522529Z,PacketSent,38,"size=1069"
2026-06-07T22:48:45.8523771Z,AckReceived,38,""
2026-06-07T22:48:45.8525362Z,PacketSent,39,"size=1069"
2026-06-07T22:48:45.8526102Z,AckReceived,39,""
2026-06-07T22:48:45.8526418Z,PacketSent,40,"size=1069"
2026-06-07T22:48:45.8527864Z,AckReceived,40,""
2026-06-07T22:48:45.8528200Z,PacketSent,41,"size=1069"
2026-06-07T22:48:45.8529260Z,AckReceived,41,""
2026-06-07T22:48:45.8529574Z,PacketSent,42,"size=1069"
2026-06-07T22:48:45.8531071Z,AckReceived,42,""
2026-06-07T22:48:45.8531398Z,PacketSent,43,"size=1069"
2026-06-07T22:48:45.8532810Z,AckReceived,43,""
2026-06-07T22:48:45.8533201Z,PacketSent,44,"size=1069"
2026-06-07T22:48:45.8534459Z,AckReceived,44,""
2026-06-07T22:48:45.8534959Z,PacketSent,45,"size=1069"
2026-06-07T22:48:45.8536233Z,AckReceived,45,""
2026-06-07T22:48:45.8536513Z,PacketSent,46,"size=1069"
2026-06-07T22:48:45.8537717Z,AckReceived,46,""
2026-06-07T22:48:45.8538193Z,PacketSent,47,"size=1069"
2026-06-07T22:48:45.8539325Z,AckReceived,47,""
2026-06-07T22:48:45.8539592Z,PacketSent,48,"size=1069"
2026-06-07T22:48:45.8540718Z,AckReceived,48,""
2026-06-07T22:48:45.8541173Z,PacketSent,49,"size=1069"
2026-06-07T22:48:45.8543445Z,AckReceived,49,""
2026-06-07T22:48:45.8543832Z,PacketSent,50,"size=1069"
2026-06-07T22:48:45.8545015Z,AckReceived,50,""
2026-06-07T22:48:45.8545332Z,PacketSent,51,"size=1069"
2026-06-07T22:48:45.8546529Z,AckReceived,51,""
2026-06-07T22:48:45.8546881Z,PacketSent,52,"size=1069"
2026-06-07T22:48:45.8548069Z,AckReceived,52,""
2026-06-07T22:48:45.8548386Z,PacketSent,53,"size=1069"
2026-06-07T22:48:45.8549627Z,AckReceived,53,""
2026-06-07T22:48:45.8549957Z,PacketSent,54,"size=1069"
2026-06-07T22:48:45.8551554Z,AckReceived,54,""
2026-06-07T22:48:45.8551849Z,PacketSent,55,"size=1069"
2026-06-07T22:48:45.8553063Z,AckReceived,55,""
2026-06-07T22:48:45.8553504Z,PacketSent,56,"size=1069"
2026-06-07T22:48:45.8554742Z,AckReceived,56,""
2026-06-07T22:48:45.8555041Z,PacketSent,57,"size=1069"
2026-06-07T22:48:45.8556416Z,AckReceived,57,""
2026-06-07T22:48:45.8557013Z,PacketSent,58,"size=1069"
2026-06-07T22:48:45.8558475Z,AckReceived,58,""
2026-06-07T22:48:45.8558873Z,PacketSent,59,"size=1069"
2026-06-07T22:48:45.8560135Z,AckReceived,59,""
2026-06-07T22:48:45.8560707Z,PacketSent,60,"size=1069"
2026-06-07T22:48:45.8561938Z,AckReceived,60,""
2026-06-07T22:48:45.8562318Z,PacketSent,61,"size=1069"
2026-06-07T22:48:45.8563670Z,AckReceived,61,""
2026-06-07T22:48:45.8564151Z,PacketSent,62,"size=1069"
2026-06-07T22:48:45.8565447Z,AckReceived,62,""
2026-06-07T22:48:45.8565741Z,PacketSent,63,"size=1069"
2026-06-07T22:48:45.8566934Z,AckReceived,63,""
2026-06-07T22:48:45.8567269Z,PacketSent,64,"size=1069"
2026-06-07T22:48:45.8568422Z,AckReceived,64,""
2026-06-07T22:48:45.8569457Z,PacketSent,65,"size=1069"
2026-06-07T22:48:45.8569821Z,AckReceived,65,""
2026-06-07T22:48:45.8570151Z,PacketSent,66,"size=1069"
2026-06-07T22:48:45.8571362Z,AckReceived,66,""
2026-06-07T22:48:45.8571911Z,PacketSent,67,"size=1069"
2026-06-07T22:48:45.8573075Z,AckReceived,67,""
2026-06-07T22:48:45.8573407Z,PacketSent,68,"size=1069"
2026-06-07T22:48:45.8574482Z,AckReceived,68,""
2026-06-07T22:48:45.8574953Z,PacketSent,69,"size=1069"
2026-06-07T22:48:45.8576203Z,AckReceived,69,""
2026-06-07T22:48:45.8576477Z,PacketSent,70,"size=1069"
2026-06-07T22:48:45.8577652Z,AckReceived,70,""
2026-06-07T22:48:45.8578163Z,PacketSent,71,"size=1069"
2026-06-07T22:48:45.8579453Z,AckReceived,71,""
2026-06-07T22:48:45.8579843Z,PacketSent,72,"size=1069"
2026-06-07T22:48:45.8581267Z,AckReceived,72,""
2026-06-07T22:48:45.8581824Z,PacketSent,73,"size=1069"
2026-06-07T22:48:45.8583333Z,AckReceived,73,""
2026-06-07T22:48:45.8583727Z,PacketSent,74,"size=1069"
2026-06-07T22:48:45.8585493Z,AckReceived,74,""
2026-06-07T22:48:45.8586068Z,PacketSent,75,"size=1069"
2026-06-07T22:48:45.8587443Z,AckReceived,75,""
2026-06-07T22:48:45.8587728Z,PacketSent,76,"size=1069"
2026-06-07T22:48:45.8589232Z,AckReceived,76,""
2026-06-07T22:48:45.8589552Z,PacketSent,77,"size=1069"
2026-06-07T22:48:45.8591245Z,AckReceived,77,""
2026-06-07T22:48:45.8591587Z,PacketSent,78,"size=1069"
2026-06-07T22:48:45.8592734Z,AckReceived,78,""
2026-06-07T22:48:45.8593146Z,PacketSent,79,"size=1069"
2026-06-07T22:48:45.8594415Z,AckReceived,79,""
2026-06-07T22:48:45.8594863Z,PacketSent,80,"size=1069"
2026-06-07T22:48:45.8595978Z,AckReceived,80,""
2026-06-07T22:48:45.8596538Z,PacketSent,81,"size=1069"
2026-06-07T22:48:45.8597628Z,AckReceived,81,""
2026-06-07T22:48:45.8597980Z,PacketSent,82,"size=1069"
2026-06-07T22:48:45.8599139Z,AckReceived,82,""
2026-06-07T22:48:45.8599630Z,PacketSent,83,"size=1069"
2026-06-07T22:48:45.8600733Z,AckReceived,83,""
2026-06-07T22:48:45.8601113Z,PacketSent,84,"size=1069"
2026-06-07T22:48:45.8602138Z,AckReceived,84,""
2026-06-07T22:48:45.8602466Z,PacketSent,85,"size=1069"
2026-06-07T22:48:45.8603805Z,AckReceived,85,""
2026-06-07T22:48:45.8604095Z,PacketSent,86,"size=1069"
2026-06-07T22:48:45.8605187Z,AckReceived,86,""
2026-06-07T22:48:45.8605470Z,PacketSent,87,"size=1069"
2026-06-07T22:48:45.8607006Z,AckReceived,87,""
2026-06-07T22:48:45.8607396Z,PacketSent,88,"size=1069"
2026-06-07T22:48:45.8717407Z,AckReceived,88,""
2026-06-07T22:48:45.8718107Z,PacketSent,89,"size=1069"
2026-06-07T22:48:45.8719864Z,AckReceived,89,""
2026-06-07T22:48:45.8720507Z,PacketSent,90,"size=1069"
2026-06-07T22:48:45.8722391Z,AckReceived,90,""
2026-06-07T22:48:45.8723013Z,PacketSent,91,"size=1069"
2026-06-07T22:48:45.8725023Z,AckReceived,91,""
2026-06-07T22:48:45.8725443Z,PacketSent,92,"size=1069"
2026-06-07T22:48:45.8726982Z,AckReceived,92,""
2026-06-07T22:48:45.8727373Z,PacketSent,93,"size=1069"
2026-06-07T22:48:45.8728998Z,AckReceived,93,""
2026-06-07T22:48:45.8729481Z,PacketSent,94,"size=1069"
2026-06-07T22:48:45.8730744Z,AckReceived,94,""
2026-06-07T22:48:45.8731123Z,PacketSent,95,"size=1069"
2026-06-07T22:48:45.8732378Z,AckReceived,95,""
2026-06-07T22:48:45.8733174Z,PacketSent,96,"size=1069"
2026-06-07T22:48:45.8734260Z,AckReceived,96,""
2026-06-07T22:48:45.8734525Z,PacketSent,97,"size=1069"
2026-06-07T22:48:45.8736218Z,AckReceived,97,""
2026-06-07T22:48:45.8736595Z,PacketSent,98,"size=1069"
2026-06-07T22:48:45.8737902Z,AckReceived,98,""
2026-06-07T22:48:45.8738397Z,PacketSent,99,"size=1069"
2026-06-07T22:48:45.8739699Z,AckReceived,99,""
2026-06-07T22:48:45.8740115Z,PacketSent,100,"size=1069"
2026-06-07T22:48:45.8741176Z,AckReceived,100,""
2026-06-07T22:48:45.8741506Z,PacketSent,101,"size=272"
2026-06-07T22:48:45.8742465Z,AckReceived,101,""
